activemq-artemis,clebertsuconic,None
activemq-artemis,jbertram,None
activemq-artemis,mtaylor,None
activemq-artemis,andytaylor,andy.taylor@jboss.org
activemq-artemis,scop,ville.skytta@iki.fi
activemq-artemis,gaohoward,howard.gao@gmail.com
activemq-artemis,thiagokronig,thiagokronig@gmail.com
activemq-artemis,paulgallagher75,None
activemq-artemis,howardgao,howard.gao@gmail.com
activemq-artemis,johnament,john.d.ament@gmail.com
activemq-artemis,jscheid,None
activemq-artemis,dkulp,dan@kulp.com
activemq-artemis,chirino,hiram@hiramchirino.com
activemq-artemis,cschneider,None
activemq-artemis,davsclaus,claus.ibsen@gmail.com
activemq-artemis,jmesnil,jmesnil@gmail.com
activemq-artemis,glaucio-melo-movile,None
activemq-artemis,bgutjahr,None
activemq-artemis,gemmellr,None
activemq-artemis,ryanemerson,ryan.emerson3@gmail.com
activemq-artemis,istudens,istudens@redhat.com
activemq-artemis,mnovak1,None
activemq-artemis,l-dobrev,None
activemq-artemis,northlander,None
activemq-artemis,tabish121,tabish121@gmail.com
activemq-artemis,TomRoss,None
activemq-artemis,kurobako,None
activemq-artemis,jdanekrh,None
activemq-artemis,oscerd,ancosen dot gmail dot com
activemq-artemis,dpocock,daniel@pocock.pro
activemq-artemis,dpospisil,None
activemq-artemis,dudaerich,dudaerich@gmail.com
activemq-artemis,fbe,None
activemq-artemis,iweiss,None
activemq-artemis,loalf,alcaraz1983@gmail.com
activemq-artemis,jgenender,None
activemq-artemis,MartinStyk,None
activemq-artemis,uvsmtid,uvsmtid@gmail.com
activemq-artemis,stuartwdouglas,None
activemq-artemis,tomjenkinson,None
activemq-artemis,TomasHofman,None
activemq-artemis,gautric,gautric@redhat.com
activemq-artemis,gtully,None
