camel,davsclaus,claus.ibsen@gmail.com
camel,WillemJiang,None
camel,jstrachan,james.strachan@gmail.com
camel,oscerd,ancosen dot gmail dot com
camel,hzbarcea,None
camel,bvahdat,bvahdat@cyberlogic.ch
camel,janstey,None
camel,dkulp,dan@kulp.com
camel,hekonsek,hekonsek@gmail.com
camel,chirino,hiram@hiramchirino.com
camel,cschneider,None
camel,cmoulliard,ch007m@gmail.com
camel,astefanutti,None
camel,gertv,gert.vanthienen@gmail.com
camel,gnodet,None
camel,elakito,None
camel,gzurowski,gregor@zurowski.org
camel,grgrzybek,gr.grzybek@gmail.com
camel,raulk,None
camel,lburgazzoli,None
camel,bibryam,bibryam@gmail.com
camel,kevinearls,None
camel,rajdavies,rajdavies@gmail.com
camel,ffang,None
camel,bpoday,ben.oday@initekconsulting.com
camel,iocanel,iocanel@gmail.com
camel,jbonofre,jbonofre@apache.org
camel,gautric,gautric@redhat.com
camel,tdiesler,thomas.diesler@jboss.com
camel,DavidValeri,None
camel,laurikimmel,None
camel,coheigea,None
camel,CandleCandle,None
camel,hqstevenson,None
camel,nkukhar,kukhar.n@gmail.com
camel,yuruki,None
camel,dpocock,daniel@pocock.pro
camel,sabre1041,andy.block@gmail.com
camel,PascalSchumacher,None
camel,gquintana,gerald.quintana@gmail.com
camel,trohovsky,None
camel,highlnd,mkennedy76@gmail.com
camel,pax95,None
camel,snurmine,None
camel,adessaigne,None
camel,woj-i,None
camel,davidkarlsen,davidkarlsen@gmail.com
camel,koscejev,None
camel,cristianonicolai,None
camel,jamesnetherton,None
camel,brmeyer,None
camel,ge0ffrey,None
camel,christian-posta,christian.posta@gmail.com
camel,supertypo,None
camel,ssogabe,None
camel,igarashitm,None
camel,atoulme,antoine@lunar-ocean.com
camel,johnament,john.d.ament@gmail.com
camel,manuelh9r,None
camel,pkletsko,None
camel,shreyaspurohit,shreyas.purohit@bitourea.com
camel,tadayosi,None
camel,victornoel,None
camel,jonmcewen,@jon_indoors
camel,wuwen5,wuwen.55@aliyun.com
camel,alien11689,alien11689@gmail.com
camel,kblees,None
camel,kcbabo,None
camel,tristantarrant,None
camel,brreitme,None
camel,sebbrousse,seb.brousse@gmail.com
camel,syakimovich,None
camel,antoinesd,antoine@sabot-durand.net
camel,veithen,None
camel,bgaudaen,None
camel,bonnetb,None
camel,bmvisioli,None
camel,pimlottc,None
camel,dsimansk,None
camel,dvilaverde,None
camel,InfoSec812,None
camel,dkhanolkar,None
camel,gtully,None
camel,jaylapham,None
camel,mzapletal,None
camel,simi-hgdata,None
camel,bavadim,bavadim@gmail.com
camel,dwarakart,None
camel,tarilabs,None
camel,jarst,None
camel,arturchyzy,None
camel,apupier,aurelien.pupier@gmail.com
camel,cerker,None
camel,davidkeen,None
camel,dabdine-r7,None
camel,dhirajsb,dhirajsb@gmail.com
camel,erwelch,None
camel,evmin,None
camel,fchaillou,None
camel,drsquidop,None
camel,valdar,valdar@email.it
camel,krantiparisa,None
camel,basovnik,None
camel,binfalse,None
camel,FingolfinTEK,None
camel,nick-pww,None
camel,ovidiu-hgdata,None
camel,paoloantinori,paolo.antinori@gmail.com
camel,padewitte,padewitte@gmail.com
camel,ramonmaruko,ramonmaruko@gmail.com
camel,stravag,None
camel,rjakubco,None
camel,sebi-hgdata,None
camel,sruehl,None
camel,almondtools,None
camel,sryll,None
camel,srnm,steven.marcus@gmail.com
camel,thokuest,None
camel,tellisnz,None
camel,awgtek,None
camel,bassmake,miroslavmatejovsky@gmail.com
camel,cunningt,tcunning@redhat.com
camel,jkorab,None
camel,johnpoth,None
camel,neoramon,None
camel,oalles,None
camel,peterberkman,None
camel,vasilievip,None
camel,alex-litvak,None
camel,alaz,azarov@osinka.ru
camel,alexlomov,alexander.lomov@me.com
camel,bfitzpat,None
camel,canyaman,github@yaman.me
camel,muellerc,None
camel,ctamisier,None
camel,davgordo,None
camel,dextravaganz,None
camel,donovanmuller,donovan@switchbit.io
camel,aaronjwhiteside,None
camel,softwaredoug,dturnbull@o19s.com
camel,emacarron,None
camel,ErnestasMitkus,ernestas.mitkus@gmail.com
camel,frankfarrell,None
camel,frederic-gendebien,frederic.gendebien@gmail.com
camel,garethahealy,None
camel,guillaumeterral,None
camel,TLmaK0,hfreire@abajar.com
camel,JSantosP,javiersantospaniego@gmail.com
camel,jkot,None
camel,jwcarman,james@carmanconsulting.com
camel,jsherman1,jsherman1@gmail.com
camel,jataylor2012,None
camel,coffeejolts,None
camel,fluxlife,thefluxlife@gmail.com
camel,jcordes73,None
camel,klauss42,None
camel,sobkowiak,None
camel,LienDeboosere,None
camel,mgencur,None
camel,spegelref,None
camel,mauriciojost,mauriciojost@gmail.com
camel,mkordas,kontakt@michalkordas.com
camel,gliga,None
camel,Mozzer,None
camel,ncjones,None
camel,paul-mcculloch,paul.mcculloch@axiossystems.com
camel,ullgren,None
camel,rparree,rparree@edc4it.com
camel,mach10,None
camel,rbudzko,None
camel,sandeepgs3,sandeepgs3@gmail.com
camel,scranton,None
camel,stsiano,None
camel,SyBen,None
camel,takanorig,takanorig@gmail.com
camel,tonswieb,None
camel,lamperi,None
camel,xfournet,None
camel,segalziv,None
camel,barthorre,None
camel,bpetersalf,None
camel,ccancellieri,ccancellieri@hotmail.com
camel,Tcharl,cmordant1@gmail.com
camel,christophd,deppisch@consol.de
camel,cjnygard,None
camel,eddi888,None
camel,jhberges,None
camel,khaing211,None
camel,larochef,None
camel,lithium,code@hlidskialf.com
camel,lldata,None
camel,msparer,None
camel,nathanwray,None
camel,objectiser,None
camel,pjwalstrom,None
camel,pingw33n,None
camel,rendesg,None
camel,duro1,None
camel,vickysirwani,None
