cloudstack,bfederle,bfederle@gmail.com
cloudstack,rhtyd,rohit@yadav.xyz
cloudstack,alena11081,None
cloudstack,anthonyxu,None
cloudstack,minchen07,None
cloudstack,spark404,htrippaers@schubergphilis.com
cloudstack,edisonSu,None
cloudstack,kishankavala,None
cloudstack,sudison,None
cloudstack,DaanHoogland,None
cloudstack,remibergsma,None
cloudstack,wilderrodrigues,ekho@apache.org
cloudstack,wido,wido@widodh.nl
cloudstack,frank-zhang,None
cloudstack,pranavs,None
cloudstack,willchan00,None
cloudstack,kelveny,None
cloudstack,likitha,likitha.shetty@citrix.com
cloudstack,brogue,brian@cloud.com
cloudstack,ke4qqq,david@gnsa.us
cloudstack,chipchilders,chip.childers@gmail.com
cloudstack,nitinATcloudDOTCOM,None
cloudstack,karuturi,None
cloudstack,sanjaytripathi,sanjay.tripathi@citrix.comm
cloudstack,mike-tutkowski,None
cloudstack,rsafonseca,rsafonseca@gmail.com
cloudstack,koushik-das,None
cloudstack,K0zka,None
cloudstack,abhinandanprateek,None
cloudstack,murali-reddy,muralimmreddy@gmail.com
cloudstack,girishshilamkar,girish.shilamkar@gmail.com
cloudstack,chiradeep,None
cloudstack,devdeep,None
cloudstack,jzb,jzb@zonker.net
cloudstack,anshulgangwar,None
cloudstack,harikrishna-patnala,None
cloudstack,bvbharat,None
cloudstack,ashutoshkelkar,ashutosh@clogeny.com
cloudstack,lsimons,mail@leosimons.com
cloudstack,rajesh-battala,None
cloudstack,sedukull,None
cloudstack,ibuildthecloud,None
cloudstack,milamberspace,milamber@apache.org
cloudstack,runseb,runseb@gmail.com
cloudstack,Sakshams,None
cloudstack,pdion891,None
cloudstack,damodarreddy,damoder.reddy@citrix.com
cloudstack,pritisarap12,None
cloudstack,JayapalUradi,jayapalreddy.uradi@citrix.com
cloudstack,sailajamada,None
cloudstack,swill,None
cloudstack,pckreddy,None
cloudstack,Rudd-O,None
cloudstack,miguelaferreira,None
cloudstack,iHiroakiKawai,hiroaki.kawai+stratos@gmail.com
cloudstack,amoghv,amoghvk@gmail.com
cloudstack,resmo,mail@renemoser.net
cloudstack,mlsorensen,None
cloudstack,imduffy15,ian@ianduffy.ie
cloudstack,nvazquez,nicovazquez90@gmail.com
cloudstack,olamy,olamy@apache.org
cloudstack,ngtuna,tuna@apache.org
cloudstack,GaborApatiNagy,None
cloudstack,sanjeevneelarapu,None
cloudstack,csuich2,None
cloudstack,sateesh-chodapuneedi,None
cloudstack,MihaelaStoica,None
cloudstack,rayeesn,None
cloudstack,rafaelweingartner,rafaelweingartner@gmail.com
cloudstack,jlk,jlkinsel@gmail.com
cloudstack,ksowmya,None
cloudstack,gavinlxh,gavin.lxh@gmail.com
cloudstack,olgasmola,olya.smola@gmail.com
cloudstack,ynojima,mail@ynojima.net
cloudstack,nitin-maharana,nitin.maharana@gmail.com
cloudstack,xueyuan,None
cloudstack,isaacchiang,None
cloudstack,vijayvenkat,vijay.venkatachalam@citrix.com
cloudstack,jvanlieshout,jvanlieshout@schubergphilis.com
cloudstack,nitt10prashant,None
cloudstack,vetrivelc,kcvvel@gmail.com
cloudstack,pradeepso,None
cloudstack,johnmdilley,None
cloudstack,ragnar-johannsson,ragnar@igo.is
cloudstack,pranavs18,psbits@gmail.com
cloudstack,pyr,None
cloudstack,sbotman,sbotman@schubergphilis.com
cloudstack,davecahill,None
cloudstack,svscorp,shakitko@gmail.com
cloudstack,srikanteswartalluri,kanti.sri@gmail.com
cloudstack,terbolous,terbolous@gmail.com
cloudstack,alexhitchins,info@hitchinsit.co.uk
cloudstack,CloudStack-QA,None
cloudstack,alexbrett,None
cloudstack,mebigfatguy,dbrosius@mebigfatguy.com
cloudstack,pavanb018,None
cloudstack,ewanmellor,None
cloudstack,pdube,None
cloudstack,punith-s,punith.creative69@gmail.com
cloudstack,Seifje,None
cloudstack,deeptid,None
cloudstack,danielvsimoes,None
cloudstack,vaidyasd,vaidyasd@juniper.net
cloudstack,serverchief,None
cloudstack,ghxandsky,starg@ceph.me
cloudstack,haeena,haeena@haeena.net
cloudstack,vincentbernat,vincent@bernat.im
cloudstack,kansal,kansal.k@gmail.com
cloudstack,ProjectMoon,None
cloudstack,vinayv559,None
cloudstack,davidamorimfaria,None
cloudstack,radu-stefanache,radu.stefanache@gmail.com
cloudstack,nlivens,None
cloudstack,kiwiflyer,None
cloudstack,pborreli,pascal@borreli.com
cloudstack,pnguyen,None
cloudstack,prashantkm,None
cloudstack,shivateja,shivatejau@gmail.com
cloudstack,kevindierkx,contact@kevindierkx.com
cloudstack,gargdeepak,deepakgarg.iitg@gmail.com
cloudstack,vadimkim,None
cloudstack,manasaveloori,None
cloudstack,borisroman,None
cloudstack,dgrizzanti,dgrizzanti@gmail.com
cloudstack,nixpanic,None
cloudstack,kc284,None
cloudstack,olivierlemasle,None
cloudstack,phillipkent,phillip.kent@xmlsoup.com
cloudstack,wolfencom,None
cloudstack,brennoosterbaan,None
cloudstack,cristofolini,lucascristofolini@gmail.com
cloudstack,GabrielBrascher,gabrascher@gmail.com
cloudstack,invalid-email-address,support@github.com
cloudstack,parthj,None
cloudstack,kyrameng,None
cloudstack,lbtq,None
cloudstack,Jijun,jijunlx@gmail.com
cloudstack,lawlerd,None
cloudstack,lafferty,None
cloudstack,dnoland1,None
cloudstack,ashwinswaroop,None
cloudstack,franklouwers,frank@openminds.be
cloudstack,isoutham,None
cloudstack,alexandrelimassantana,alexandre.limas.santana@gmail.com
cloudstack,kjiang,None
cloudstack,alexoughsg,None
cloudstack,loganmc10,logan@bacoosta.com
cloudstack,llambiel,None
cloudstack,marty-sweet,msweet.dev@gmail.com
cloudstack,aemneina,None
cloudstack,NuxRo,None
cloudstack,insom,aaron@insom.me.uk
cloudstack,rikatz,None
cloudstack,rjschwei,rjschwei@suse.com
cloudstack,giraffeforestg,None
cloudstack,satosi-k,satoshi-k@iij.ad.jp
cloudstack,lsaurav,None
cloudstack,siwater,None
cloudstack,sspans,None
cloudstack,syed,None
cloudstack,tpodowd,None
cloudstack,butanet,None
cloudstack,cloudtrends,None
cloudstack,nnesic,None
cloudstack,pedro-martins,None
cloudstack,agneya2001,None
cloudstack,jannyg,None
cloudstack,chirag-jog,chirag@clogeny.com
cloudstack,lttmtins,None
cloudstack,iAtsushiMidorikawa,midorika@iij.ad.jp
cloudstack,useername,None
cloudstack,axel-delahaye-wl,None
cloudstack,billrich4054,None
cloudstack,bheuvel,None
cloudstack,channy,channy@gmail.com
cloudstack,dmabry,None
cloudstack,batya239,dmitry.batkovich@jetbrains.com
cloudstack,anishkumab,None
cloudstack,minektur,None
cloudstack,hiroki-soum,None
cloudstack,ServiceTo,None
cloudstack,abayer,None
cloudstack,jbausewein,None
cloudstack,jiefeng123,None
cloudstack,jburwell,None
cloudstack,johann8384,jonathan.creasy@gmail.com
cloudstack,grudzien,grudzien@gmail.com
cloudstack,lokama,lokama@gmail.com
cloudstack,mandarbarve,mandar.barve@sungard.com
cloudstack,mattycourtney-citrix,None
cloudstack,micexia,None
cloudstack,legiar,legiar@gmail.com
cloudstack,WebSpider,None
cloudstack,nresare,noa@resare.com
cloudstack,radeksm,None
cloudstack,RPDiep,None
cloudstack,boul,roeland@boul.nl
cloudstack,ronatartifact,None
cloudstack,digitalsanctum,shane@digitalsanctum.com
cloudstack,shankerbalan,mail@shankerbalan.net
cloudstack,landro,stefa.landro@gmail.com
cloudstack,Arkaniad,arkaniad@gmail.com
cloudstack,jiangyt,jiangyt.cn@gmail.com
cloudstack,adefanti,None
cloudstack,atrbgithub,None
cloudstack,dsclose,None
cloudstack,joesan,None
cloudstack,monismajeed,None
cloudstack,cloudsadhu,suresh.sadhu@accelerite.com
cloudstack,wenwenxiong,None
cloudstack,youribonnaffe,None
