cloudstack-docs,runseb,runseb@gmail.com
cloudstack-docs,ke4qqq,david@gnsa.us
cloudstack-docs,pdion891,None
cloudstack-docs,tgraham,t@tgraham.us
cloudstack-docs,karuturi,None
cloudstack-docs,wido,wido@widodh.nl
cloudstack-docs,ynojima,mail@ynojima.net
cloudstack-docs,terbolous,terbolous@gmail.com
cloudstack-docs,go,go.chiba@gmail.com
cloudstack-docs,jzb,jzb@zonker.net
cloudstack-docs,mike-tutkowski,None
cloudstack-docs,rhtyd,rohit@yadav.xyz
cloudstack-docs,chaturvedia,None
cloudstack-docs,snowch,chsnow123@gmail.com
cloudstack-docs,epretorious,None
cloudstack-docs,FFincannon,None
cloudstack-docs,imduffy15,ian@ianduffy.ie
cloudstack-docs,marty-sweet,msweet.dev@gmail.com
cloudstack-docs,mbren,None
cloudstack-docs,nlivens,None
cloudstack-docs,giraffeforestg,None
cloudstack-docs,andrijapanic,None
cloudstack-docs,kdamage,None
cloudstack-docs,roryerickson,None
