cordova-docs,mwbrooks,michael@michaelbrooks.ca
cordova-docs,mike-sierra,None
cordova-docs,shazron,shazron@gmail.com
cordova-docs,macdonst,None
cordova-docs,dblotsky,dmitry.blotsky@gmail.com
cordova-docs,keiko713,None
cordova-docs,stevengill,stevengill97@gmail.com
cordova-docs,purplecabbage,None
cordova-docs,kant2002,kant2002@gmail.com
cordova-docs,ldeluca,cpup22@gmail.com
cordova-docs,becka11y,None
cordova-docs,agrieve,agrieve@chromium.org
cordova-docs,filmaj,fil@saucelabs.com
cordova-docs,infil00p,bowserj@apache.org
cordova-docs,cmarcelk,None
cordova-docs,brycecurtis,None
cordova-docs,timkim,timk@adobe.com
cordova-docs,riknoll,None
cordova-docs,hermwong,None
cordova-docs,omefire,ommenjik@microsoft.com
cordova-docs,bryanhiggins,None
cordova-docs,jtyberg,justin.tyberg@gmail.com
cordova-docs,mbillau,None
cordova-docs,sintaxi,brock@chloi.io
cordova-docs,rakatyal,None
cordova-docs,clelland,clelland@gmail.com
cordova-docs,nikhilkh,nikhilkh@microsoft.com
cordova-docs,imhotep,anis.kadri@gmail.com
cordova-docs,sgrebnov,sergei.grebnov@gmail.com
cordova-docs,sarangan12,None
cordova-docs,jamesjong,None
cordova-docs,keitaM,keita@asial.co.jp
cordova-docs,vladimir-kotikov,v-vlkoti@microsoft.com
cordova-docs,alunny,alunny@gmail.com
cordova-docs,mmocny,mmocny@gmail.com
cordova-docs,jsoref,None
cordova-docs,daserge,None
cordova-docs,shepheb,braden.shepherdson@gmail.com
cordova-docs,deedubbu,None
cordova-docs,zalun,piotr [at] zalewa.info
cordova-docs,martincgg,martin.c.glez.glez@gmail.com
cordova-docs,robpaveza,None
cordova-docs,mwoghiren,max.woghiren@gmail.com
cordova-docs,cfjedimaster,None
cordova-docs,niks999,None
cordova-docs,csantanapr,None
cordova-docs,bennmapes,None
cordova-docs,BBosman,None
cordova-docs,jkeshavarzi,jkeshavarzi@blackberry.com
cordova-docs,AxelNennker,None
cordova-docs,jpchase,None
cordova-docs,TimBarham,tim.barham@microsoft.com
cordova-docs,lmnbeyond,lmnbeyond@gmail.com
cordova-docs,devgeeks,tommy@devgeeks.org
cordova-docs,muratsu,None
cordova-docs,r3nya,me@r3nya.ru
cordova-docs,wildabeast,None
cordova-docs,chrisgriffith,chris.griffith@gmail.com
cordova-docs,aflx,ak@aflx.de
cordova-docs,danmichaelo,None
cordova-docs,don,don.coleman@gmail.com
cordova-docs,hay,huskyr@gmail.com
cordova-docs,jjalonso,kernel.no.found@gmail.com
cordova-docs,knitzsche,None
cordova-docs,aallegret,None
cordova-docs,sime,None
cordova-docs,stacic,None
cordova-docs,adamnbowen,adamnbowen@gmail.com
cordova-docs,sosahvictor,sosah.victor@gmail.com
cordova-docs,devicewall,None
cordova-docs,h2ospace,None
cordova-docs,dubeejw,None
cordova-docs,mbektchiev,None
cordova-docs,brianleroux,b@brian.io
cordova-docs,ghtomcat,None
cordova-docs,bradleyjames,None
cordova-docs,sinofool,None
cordova-docs,olore,brian@olore.net
cordova-docs,burkeholland,burkeholland@gmail.com
cordova-docs,gallasch,None
cordova-docs,colinfrei,None
cordova-docs,david-barth-canonical,None
cordova-docs,dukex,srdukex@gmail.com
cordova-docs,simpsond,dustin@matrixdm.com
cordova-docs,EddyVerbruggen,eddyverbruggen@gmail.com
cordova-docs,eymorale,None
cordova-docs,Gillespie59,demey.emmanuel@gmail.com
cordova-docs,ehershey,github@ernie.org
cordova-docs,limhenry,henry@limhenry.xyz
cordova-docs,flurdy,None
cordova-docs,mikrobi,None
cordova-docs,jarseneault,None
cordova-docs,joseph-onsip,None
cordova-docs,KSCooke,None
cordova-docs,iamvoid13,iamvoid13@gmail.com
cordova-docs,lholmquist,lholmqui@redhat.com
cordova-docs,zahlenhelfer,None
cordova-docs,kamrik,kamrik@gmail.com
cordova-docs,mmrko,marko.raatikka@gmail.com
cordova-docs,SunboX,None
cordova-docs,basicxman,minirobotics@gmail.com
cordova-docs,masahirotanaka,masa@monaca.io
cordova-docs,quiqueg,None
cordova-docs,tofumatt,hello@tofumatt.com
cordova-docs,maxdeepfield,None
cordova-docs,mikaelkindborg,mikael.kindborg@gmail.com
cordova-docs,mikewink,None
cordova-docs,realtebo,mirkotebaldi@yahoo.it
cordova-docs,nathanpc,nathanpc@dreamintech.net
cordova-docs,pbakondy,None
cordova-docs,rachnac,rachna.chauhan@causecode.com
cordova-docs,rixrix,None
cordova-docs,ryanstewart,ryan@ryanstewart.net
cordova-docs,ozeranskiy,None
cordova-docs,soberstadt,None
cordova-docs,tpryan,terry@terrenceryan.com
cordova-docs,tripodsan,None
cordova-docs,tony--,None
cordova-docs,asc0de,None
cordova-docs,Wesley-Chan,None
cordova-docs,yderidde,yanivderidder@gmail.com
cordova-docs,youngmob,None
cordova-docs,pbrewczynski,pbbluesm@gmail.com
cordova-docs,brentlintner,None
cordova-docs,crot4lus,None
cordova-docs,aadel,github@aadel.io
cordova-docs,insane210,None
cordova-docs,knappe,None
cordova-docs,krichtof,None
cordova-docs,masonicboom,None
cordova-docs,sandstrom,None
cordova-docs,zhangkaizhao,None
