cordova-coho,agrieve,agrieve@chromium.org
cordova-coho,stevengill,stevengill97@gmail.com
cordova-coho,cmarcelk,None
cordova-coho,timkim,timk@adobe.com
cordova-coho,nikhilkh,nikhilkh@microsoft.com
cordova-coho,jsoref,None
cordova-coho,shazron,shazron@gmail.com
cordova-coho,mmocny,mmocny@gmail.com
cordova-coho,csantanapr,None
cordova-coho,kamrik,kamrik@gmail.com
cordova-coho,mwbrooks,michael@michaelbrooks.ca
cordova-coho,vladimir-kotikov,v-vlkoti@microsoft.com
cordova-coho,TimBarham,tim.barham@microsoft.com
cordova-coho,sgrebnov,sergei.grebnov@gmail.com
cordova-coho,ldeluca,cpup22@gmail.com
cordova-coho,muratsu,None
cordova-coho,bryanhiggins,None
cordova-coho,maverickmishra,None
cordova-coho,filmaj,fil@saucelabs.com
cordova-coho,jamesjong,None
cordova-coho,purplecabbage,None
cordova-coho,dblotsky,dmitry.blotsky@gmail.com
cordova-coho,daserge,None
cordova-coho,macdonst,None
cordova-coho,BBosman,None
cordova-coho,alsorokin,alexander.sorokin@akvelon.com
cordova-coho,EvgenyAgafonchikov,None
cordova-coho,clelland,clelland@gmail.com
cordova-coho,jbwillms,None
cordova-coho,jukka,jukka@zitting.name
cordova-coho,mwoghiren,max.woghiren@gmail.com
cordova-coho,mbillau,None
cordova-coho,brianleroux,b@brian.io
