cordova-plugin-device-orientation,stevengill,stevengill97@gmail.com
cordova-plugin-device-orientation,agrieve,agrieve@chromium.org
cordova-plugin-device-orientation,purplecabbage,None
cordova-plugin-device-orientation,clelland,clelland@gmail.com
cordova-plugin-device-orientation,hermwong,None
cordova-plugin-device-orientation,cmarcelk,None
cordova-plugin-device-orientation,stacic,None
cordova-plugin-device-orientation,hardeep,None
cordova-plugin-device-orientation,dblotsky,dmitry.blotsky@gmail.com
cordova-plugin-device-orientation,bennmapes,None
cordova-plugin-device-orientation,csantanapr,None
cordova-plugin-device-orientation,ldeluca,cpup22@gmail.com
cordova-plugin-device-orientation,zalun,piotr [at] zalewa.info
cordova-plugin-device-orientation,surajpindoria,suraj.pindoria@yahoo.com
cordova-plugin-device-orientation,jsoref,None
cordova-plugin-device-orientation,revolunet,contact@revolunet.com
cordova-plugin-device-orientation,nikhilkh,nikhilkh@microsoft.com
cordova-plugin-device-orientation,omefire,ommenjik@microsoft.com
cordova-plugin-device-orientation,cfjedimaster,None
cordova-plugin-device-orientation,siovene,salvatore@iovene.com
cordova-plugin-device-orientation,SSRico,None
cordova-plugin-device-orientation,TimBarham,tim.barham@microsoft.com
cordova-plugin-device-orientation,vladimir-kotikov,v-vlkoti@microsoft.com
cordova-plugin-device-orientation,marti1125,marti1125@gmail.com
cordova-plugin-device-orientation,alsorokin,alexander.sorokin@akvelon.com
cordova-plugin-device-orientation,daserge,None
cordova-plugin-device-orientation,sgrebnov,sergei.grebnov@gmail.com
cordova-plugin-device-orientation,t1st3,None
