couchdb-mochiweb,etrepum,bob@redivi.com
couchdb-mochiweb,mdempsky,matthew@dempsky.org
couchdb-mochiweb,doubleyou,demeshchuk@gmail.com
couchdb-mochiweb,lhft,None
couchdb-mochiweb,fdmanana,fdmanana@kernel.org
couchdb-mochiweb,rnewson,rnewson@apache.org
couchdb-mochiweb,lemenkov,lemenkov@gmail.com
couchdb-mochiweb,k3nn7,lukasz.lalik@gmail.com
couchdb-mochiweb,jj1bdx,None
couchdb-mochiweb,pmundkur,None
couchdb-mochiweb,hypernumbers,gordon@vixo.com
couchdb-mochiweb,danabr,hamsson@gmail.com
couchdb-mochiweb,jkoops,None
couchdb-mochiweb,mmzeeman,mmzeeman@xs4all.nl
couchdb-mochiweb,pooya,shayan AT liveve.org
couchdb-mochiweb,melkote,None
couchdb-mochiweb,kmwang,None
couchdb-mochiweb,kocolosk,adam@kocolosk.net
couchdb-mochiweb,djnym,anthonym@alumni.caltech.edu
couchdb-mochiweb,kardan,daniel@kardans.com
couchdb-mochiweb,emad,None
couchdb-mochiweb,jclopes,None
couchdb-mochiweb,arjan,arjan@scherpenisse.net
couchdb-mochiweb,AtillaE,None
couchdb-mochiweb,jchris,jchris@gmail.com
couchdb-mochiweb,ddosia,ddosia@gmail.com
couchdb-mochiweb,dreid,None
couchdb-mochiweb,ferd,mononcqc@ferd.ca
couchdb-mochiweb,jdunphy,jacob.dunphy@gmail.com
couchdb-mochiweb,wangjia,None
couchdb-mochiweb,mworrell,None
couchdb-mochiweb,nparry,nparry@gmail.com
couchdb-mochiweb,omarkj,omarkj@gmail.com
couchdb-mochiweb,ransomr,ransom@ransomr.net
couchdb-mochiweb,RJ,rj@metabrew.com
couchdb-mochiweb,shkumagai,take.this.2.your.grave@gmail.com
couchdb-mochiweb,silasdb,None
couchdb-mochiweb,vinoski,vinoski@ieee.org
couchdb-mochiweb,tuncer,None
couchdb-mochiweb,kuenishi,None
couchdb-mochiweb,wardbekker,ward@wardbekker.com
couchdb-mochiweb,weicao,cyg.cao@gmail.com
couchdb-mochiweb,argv0,andy@andygross.org
