couchdb-futon,janl,jan@apache.org
couchdb-futon,jchris,jchris@gmail.com
couchdb-futon,cmlenz,cmlenz@gmail.com
couchdb-futon,fdmanana,fdmanana@kernel.org
couchdb-futon,rnewson,rnewson@apache.org
couchdb-futon,davisp,paul.joseph.davis@gmail.com
couchdb-futon,kocolosk,adam@kocolosk.net
couchdb-futon,jasondavies,None
couchdb-futon,kxepal,None
couchdb-futon,tilgovi,randall@bleeds.info
couchdb-futon,nslater,nslater@apache.org
couchdb-futon,KlausTrainer,klaus_trainer@apache.org
couchdb-futon,wendall911,wendallc@83864.com
couchdb-futon,asbaker,None
couchdb-futon,adamlofts,None
couchdb-futon,jo,jo@die-tf.de
couchdb-futon,robertkowalski,rok@kowalski.gd
couchdb-futon,RonnyPfannschmidt,opensource@ronnypfannschmidt.de
couchdb-futon,deathbearbrown,deathbear@apache.org
couchdb-futon,sbisbee,sam@sbisbee.com
couchdb-futon,bjnortier,bjnortier@gmail.com
couchdb-futon,calebcase,None
couchdb-futon,daleharvey,dale@arandomurl.com
couchdb-futon,gdamjan,None
couchdb-futon,dch,dch@skunkwerks.at
couchdb-futon,djc,None
couchdb-futon,mrloop,info@mrloop.com
couchdb-futon,indutny,fedor@indutny.com
couchdb-futon,ziggythehamster,ziggy@ignition-project.com
couchdb-futon,Keksov,None
couchdb-futon,mikeymckay,mike@vdomck.org
couchdb-futon,NorthNick,None
couchdb-futon,darobin,None
couchdb-futon,chewbranca,None
couchdb-futon,benoitc,bchesneau@gmail.com
couchdb-futon,benru,ben@benru.co.uk
couchdb-futon,telis93,teldosas@gmail.com
