couchdb-folsom,joewilliams,williams.joe@gmail.com
couchdb-folsom,russelldb,None
couchdb-folsom,puzza007,pzawrk@gmail.com
couchdb-folsom,AlexandreBeaulne,None
couchdb-folsom,etrepum,bob@redivi.com
couchdb-folsom,dcorbacho,None
couchdb-folsom,lastres,None
couchdb-folsom,paulperegud,None
couchdb-folsom,rnewson,rnewson@apache.org
couchdb-folsom,danielwhite,daniel@whitehouse.id.au
couchdb-folsom,Vagabond,andrew@hijacked.us
couchdb-folsom,banjiewen,b@banjiewen.net
couchdb-folsom,bilal,bilalsheikh298@gmail.com
couchdb-folsom,byaruhaf,byaruhaf@gmail.com
couchdb-folsom,Stelminator,None
couchdb-folsom,kxepal,None
couchdb-folsom,DeadZen,deadzen@deadzen.com
couchdb-folsom,d2fn,d@d2fn.com
couchdb-folsom,doubleyou,demeshchuk@gmail.com
couchdb-folsom,Erkan-Yilmaz,None
couchdb-folsom,jlouis,jesper.louis.andersen@gmail.com
couchdb-folsom,johannesh,github@johanneshuning.com
couchdb-folsom,jtuple,None
couchdb-folsom,kape1395,k.petrauskas@gmail.com
couchdb-folsom,cybergrind,None
couchdb-folsom,davisp,paul.joseph.davis@gmail.com
couchdb-folsom,lemenkov,lemenkov@gmail.com
couchdb-folsom,rodo,rodolphe@quiedeville.org
couchdb-folsom,slfritchie,nospam@snookles.com
couchdb-folsom,urbanserj,None
couchdb-folsom,tholschuh,None
