couchdb-couch-mrview,rnewson,rnewson@apache.org
couchdb-couch-mrview,davisp,paul.joseph.davis@gmail.com
couchdb-couch-mrview,kxepal,None
couchdb-couch-mrview,sagelywizard,benjamin.bastian@gmail.com
couchdb-couch-mrview,kocolosk,adam@kocolosk.net
couchdb-couch-mrview,iilyak,None
couchdb-couch-mrview,chewbranca,None
couchdb-couch-mrview,janl,jan@apache.org
couchdb-couch-mrview,KlausTrainer,klaus_trainer@apache.org
couchdb-couch-mrview,benoitc,bchesneau@gmail.com
couchdb-couch-mrview,nickva,None
couchdb-couch-mrview,tilgovi,randall@bleeds.info
couchdb-couch-mrview,fdmanana,fdmanana@kernel.org
couchdb-couch-mrview,eiri,eiri@eiri.ca
couchdb-couch-mrview,djc,None
couchdb-couch-mrview,bjnortier,bjnortier@gmail.com
couchdb-couch-mrview,calebcase,None
couchdb-couch-mrview,dch,dch@skunkwerks.at
couchdb-couch-mrview,adamlofts,None
couchdb-couch-mrview,hdiedrich,hd2010@eonblast.com
couchdb-couch-mrview,nslater,nslater@apache.org
couchdb-couch-mrview,lemenkov,lemenkov@gmail.com
couchdb-couch-mrview,robertkowalski,rok@kowalski.gd
