couchdb,kocolosk,adam@kocolosk.net
couchdb,janl,jan@apache.org
couchdb,davisp,paul.joseph.davis@gmail.com
couchdb,fdmanana,fdmanana@kernel.org
couchdb,kxepal,None
couchdb,rnewson,rnewson@apache.org
couchdb,jchris,jchris@gmail.com
couchdb,nslater,nslater@apache.org
couchdb,garrensmith,garren.smith@gmail.com
couchdb,cmlenz,cmlenz@gmail.com
couchdb,deathbearbrown,deathbear@apache.org
couchdb,chewbranca,None
couchdb,tilgovi,randall@bleeds.info
couchdb,drsm79,None
couchdb,bradnoble,None
couchdb,robertkowalski,rok@kowalski.gd
couchdb,djc,None
couchdb,dch,dch@skunkwerks.at
couchdb,BigBlueHat,byoung@bigbluehat.com
couchdb,jasondavies,None
couchdb,KlausTrainer,klaus_trainer@apache.org
couchdb,iilyak,None
couchdb,sebastianrothbucher,sebastianrothbucher@googlemail.com
couchdb,wendall911,wendallc@83864.com
couchdb,mikewallace1979,mikewallace@apache.org
couchdb,wohali,wohali@atypical.net
couchdb,vmx,volker.mische@gmail.com
couchdb,ryanramage,None
couchdb,michellephung,michellep@apache.org
couchdb,boorad,brad@sankatygroup.com
couchdb,eiri,eiri@eiri.ca
couchdb,ocelotpotpie,None
couchdb,seanbarclay,sbarclay@us.ibm.com
couchdb,nickva,None
couchdb,andywenk,andywenk@apache.org
couchdb,jhs,jason.h.smith@gmail.com
couchdb,NorthNick,None
couchdb,benkeen,ben.keen@gmail.com
couchdb,gdamjan,None
couchdb,bdionne,bob.dionne@gmail.com
couchdb,daleharvey,dale@arandomurl.com
couchdb,bjnortier,bjnortier@gmail.com
couchdb,adamlofts,None
couchdb,marianoguerra,mariano@marianoguerra.org
couchdb,lemenkov,lemenkov@gmail.com
couchdb,steadicat,github@attardi.org
couchdb,svnlto,me@svenlito.com
couchdb,willholley,willholley@gmail.com
couchdb,asbaker,None
couchdb,breser,ben@reser.org
couchdb,indutny,fedor@indutny.com
couchdb,dedalozzo,None
couchdb,sagelywizard,benjamin.bastian@gmail.com
couchdb,JensRantil,jens.rantil@gmail.com
couchdb,jo,jo@die-tf.de
couchdb,micah,micah@leap.se
couchdb,michaelwheeler,None
couchdb,pegli,None
couchdb,RonnyPfannschmidt,opensource@ronnypfannschmidt.de
couchdb,sbisbee,sam@sbisbee.com
couchdb,weicao,cyg.cao@gmail.com
couchdb,nvdv,None
couchdb,candeira,javier@candeira.com
couchdb,trophybase,None
couchdb,ananich,None
couchdb,basti1302,bastian.krol@web.de
couchdb,benru,ben@benru.co.uk
couchdb,akaspin,aka.spin@gmail.com
couchdb,etrepum,bob@redivi.com
couchdb,leitao,breno.leitao@gmail.com
couchdb,calebcase,None
couchdb,snowch,chsnow123@gmail.com
couchdb,queezey,None
couchdb,CliffS,cliff@may.be
couchdb,dustin,dustin@spy.net
couchdb,kingigi,None
couchdb,mrloop,info@mrloop.com
couchdb,JakubOboza,jakub.oboza@gmail.com
couchdb,jaydoane,github.com@jay.m82.com
couchdb,joelwreed,None
couchdb,johnsamuelwrites,None
couchdb,julianduque,julianduquej@gmail.com
couchdb,ziggythehamster,ziggy@ignition-project.com
couchdb,Keksov,None
couchdb,ksnavely,None
couchdb,luisgerhorst,privat@luisgerhorst.de
couchdb,maghoff,None
couchdb,mbrookes,None
couchdb,mjackson,mjijackson@gmail.com
couchdb,mikerhodes,None
couchdb,targos,targos@protonmail.com
couchdb,mikeymckay,mike@vdomck.org
couchdb,PeterDaveHello,None
couchdb,darobin,None
couchdb,robin-drexler,None
couchdb,melkote,None
couchdb,stefankoegl,None
couchdb,terinjokes,terin@terinstock.com
couchdb,trondn,None
couchdb,dileepbapat,None
couchdb,karlin,karlinfox@yahoo.com
couchdb,kybin,kybinz@gmail.com
couchdb,klaemo,None
couchdb,telis93,teldosas@gmail.com
couchdb,thriqon,None
