couchdb-lager,Vagabond,andrew@hijacked.us
couchdb-lager,slfritchie,nospam@snookles.com
couchdb-lager,jaredmorrow,None
couchdb-lager,seancribbs,seancribbs@gmail.com
couchdb-lager,DeadZen,deadzen@deadzen.com
couchdb-lager,ewanmellor,None
couchdb-lager,mworrell,None
couchdb-lager,lordnull,None
couchdb-lager,davisp,paul.joseph.davis@gmail.com
couchdb-lager,yfyf,None
couchdb-lager,nialscorva,github@tensorwrench.com
couchdb-lager,jonmeredith,None
couchdb-lager,gomoripeti,None
couchdb-lager,reiddraper,reiddraper+github@gmail.com
couchdb-lager,howleysv,None
couchdb-lager,tholschuh,None
couchdb-lager,benoitc,bchesneau@gmail.com
couchdb-lager,saleyn,None
couchdb-lager,thomasc,None
couchdb-lager,filmor,filmor@gmail.com
couchdb-lager,ates,ates@ipv6.dp.ua
couchdb-lager,zuav,zuav@crystax.net
couchdb-lager,bjnortier,bjnortier@gmail.com
couchdb-lager,bipthelin,bip@kivra.com
couchdb-lager,brendanhay,None
couchdb-lager,muxspace,None
couchdb-lager,dLuna,github.com@lunas.se
couchdb-lager,dreverri,None
couchdb-lager,devinus,devin@devintorr.es
couchdb-lager,ferd,mononcqc@ferd.ca
couchdb-lager,blinkov,github@blinkov.ru
couchdb-lager,josephwecker,joseph.wecker@gmail.com
couchdb-lager,kostis,kostis@cs.ntua.gr
couchdb-lager,essen,essen@ninenines.eu
couchdb-lager,legoscia,magnus.henoch@gmail.com
couchdb-lager,gotthardp,None
couchdb-lager,rnewson,rnewson@apache.org
couchdb-lager,seriyps,None
couchdb-lager,srstrong,None
couchdb-lager,mururu,yuki.mururu@gmail.com
couchdb-lager,onlychoice,zhihui.jiao@gmail.com
couchdb-lager,h4cc,github@h4cc.de
couchdb-lager,lukyanov,None
