couchdb-rebar,tuncer,None
couchdb-rebar,dizzyd,dizzyd@dizzyd.com
couchdb-rebar,ferd,mononcqc@ferd.ca
couchdb-rebar,jaredmorrow,None
couchdb-rebar,Vagabond,andrew@hijacked.us
couchdb-rebar,kejv,None
couchdb-rebar,tsloughter,t@crashfast.com
couchdb-rebar,tomas-abrahamsson,None
couchdb-rebar,hyperthunk,None
couchdb-rebar,nevar,YurinVV@ya.ru
couchdb-rebar,etrepum,bob@redivi.com
couchdb-rebar,norton,norton@alum.mit.edu
couchdb-rebar,alexeyr,alexey.v.romanov@gmail.com
couchdb-rebar,invalid-email-address,support@github.com
couchdb-rebar,lrascao,luis.rascao@gmail.com
couchdb-rebar,juranki,juhani@juranki.com
couchdb-rebar,slfritchie,nospam@snookles.com
couchdb-rebar,xenolinguist,None
couchdb-rebar,jkloetzke,None
couchdb-rebar,shino,None
couchdb-rebar,dreid,None
couchdb-rebar,vladdu,None
couchdb-rebar,nox,n.oxyde@gmail.com
couchdb-rebar,saleyn,None
couchdb-rebar,uwiger,ulf@wiger.net
couchdb-rebar,klajo,None
couchdb-rebar,jcomellas,None
couchdb-rebar,dLuna,github.com@lunas.se
couchdb-rebar,joewilliams,williams.joe@gmail.com
couchdb-rebar,talentdeficit,alisdairsullivan@yahoo.ca
couchdb-rebar,yamt,None
couchdb-rebar,fenollp,pierrefenoll@gmail.com
couchdb-rebar,krestenkrab,krab@trifork.com
couchdb-rebar,choptastic,gumm@sigma-star.com
couchdb-rebar,Motiejus,desired.mta@gmail.com
couchdb-rebar,jeraymond,None
couchdb-rebar,mdaguete,manuel@aguete.org
couchdb-rebar,matwey,matwey.kornilov@gmail.com
couchdb-rebar,OJ,None
couchdb-rebar,derek121,None
couchdb-rebar,exterm,None
couchdb-rebar,DeadZen,deadzen@deadzen.com
couchdb-rebar,pragdave,None
couchdb-rebar,shkumagai,take.this.2.your.grave@gmail.com
couchdb-rebar,dysinger,tim@dysinger.net
couchdb-rebar,liskin,tomi@nomi.cz
couchdb-rebar,goofansu,goofan.su@gmail.com
couchdb-rebar,xcurry,None
couchdb-rebar,irpab,None
couchdb-rebar,ostinelli,None
couchdb-rebar,platinumthinker,platinumthinker@gmail.com
couchdb-rebar,alavrik,alavrik@piqi.org
couchdb-rebar,bjnortier,bjnortier@gmail.com
couchdb-rebar,carlosedp,me@carlosedp.com
couchdb-rebar,cebernard,cebernard@gmail.com
couchdb-rebar,dne,None
couchdb-rebar,davidw,davidw@dedasys.com
couchdb-rebar,andrewtj,andrew@tj.id.au
couchdb-rebar,essiene,None
couchdb-rebar,evax,None
couchdb-rebar,fgallaire,fgallaire@gmail.com
couchdb-rebar,fjoanis,francis.joanis@gmail.com
couchdb-rebar,kittee,trollfred@gmail.com
couchdb-rebar,fishcakez,james@fishcakez.com
couchdb-rebar,joedevivo,None
couchdb-rebar,jonmeredith,None
couchdb-rebar,josevalim,jose.valim@plataformatec.com.br
couchdb-rebar,kevsmith,kevin@operable.io
couchdb-rebar,kostis,kostis@cs.ntua.gr
couchdb-rebar,legoscia,magnus.henoch@gmail.com
couchdb-rebar,manuel-rubio,manuel@altenwald.com
couchdb-rebar,tdx,None
couchdb-rebar,oscarh,oscar@hellstrom.st
couchdb-rebar,robertoaloi,None
couchdb-rebar,russelldb,None
couchdb-rebar,andekar,andersk84@gmail.com
couchdb-rebar,yrashk,yrashk@gmail.com
couchdb-rebar,fholzhauser,None
couchdb-rebar,kocolosk,adam@kocolosk.net
couchdb-rebar,dgud,dangud@gmail.com
couchdb-rebar,varnerac-ubnt,None
couchdb-rebar,ericbmerritt,ericbmerritt@gmail.com
couchdb-rebar,redpine50,None
couchdb-rebar,asonge,a@songe.me
couchdb-rebar,alexthornton1,alexthornton1@gmail.com
couchdb-rebar,secYOUre,adg@secyoure.com
couchdb-rebar,asabil,None
couchdb-rebar,ayakout,None
couchdb-rebar,aggregatum,None
couchdb-rebar,horvand,horvand@gmail.com
couchdb-rebar,kaos,git@astekk.se
couchdb-rebar,andrewjstone,None
couchdb-rebar,argv0,andy@andygross.org
couchdb-rebar,djnym,anthonym@alumni.caltech.edu
couchdb-rebar,runcom,runcom@dockerproject.org
couchdb-rebar,arjan,arjan@scherpenisse.net
couchdb-rebar,ates,ates@ipv6.dp.ua
couchdb-rebar,benjaminplee,yardspoon@gmail.com
couchdb-rebar,ble,None
couchdb-rebar,loxybjorn,None
couchdb-rebar,glyphrider,None
couchdb-rebar,cmeiklejohn,christopher.meiklejohn@gmail.com
couchdb-rebar,aschepis,None
couchdb-rebar,danielwhite,daniel@whitehouse.id.au
couchdb-rebar,RubberCthulhu,alevandal@gmail.com
couchdb-rebar,dch,dch@skunkwerks.at
couchdb-rebar,freke,None
couchdb-rebar,spil-dennis,None
couchdb-rebar,x0id,None
couchdb-rebar,efine,None
couchdb-rebar,eproxus,hello@alind.io
couchdb-rebar,evanmiller,None
couchdb-rebar,evanmcc,None
couchdb-rebar,zinid,xramtsov@gmail.com
couchdb-rebar,lefant,e@lefant.net
couchdb-rebar,habibutsu,habibutsu@gmail.com
couchdb-rebar,jvliwanag,jvliwanag@gmail.com
couchdb-rebar,ratelle,None
couchdb-rebar,jordi-chacon,jordi.chacon@gmail.com
couchdb-rebar,h4cc,github@h4cc.de
couchdb-rebar,cybergrind,None
couchdb-rebar,rpt,krzysztof.rutka@gmail.com
couchdb-rebar,vlm,vlm@lionet.info
couchdb-rebar,lucafavatella,None
couchdb-rebar,manderson26,mark@chef.io
couchdb-rebar,markusn,None
couchdb-rebar,schutm,None
couchdb-rebar,roidrage,meyer@paperplanes.de
couchdb-rebar,mattreduce,None
couchdb-rebar,maxlapshin,max@maxidoors.ru
couchdb-rebar,misaka,misaka@pobox.com
couchdb-rebar,Mistagrooves,mistagrooves@gmail.com
couchdb-rebar,waisbrot,github-email@waisbrot.net
couchdb-rebar,nickva,None
couchdb-rebar,toland,phil.toland@gmail.com
couchdb-rebar,pusewicz,piotr@layer22.com
couchdb-rebar,szemek,None
couchdb-rebar,rzezeski,rzezeski@gmail.com
couchdb-rebar,sdepold,None
couchdb-rebar,seancribbs,seancribbs@gmail.com
couchdb-rebar,deadok22,deadok22@gmail.com
couchdb-rebar,aronisstav,aronisstav@gmail.com
couchdb-rebar,vinoski,vinoski@ieee.org
couchdb-rebar,mokele,steve@mokele.co.uk
couchdb-rebar,tolbrino,t@tolbrino.com
couchdb-rebar,djui,uwe@dauernheim.net
couchdb-rebar,coolchevy,coolchevy@gmail.com
couchdb-rebar,mururu,yuki.mururu@gmail.com
couchdb-rebar,cloudhead,github@cloudhead.io
couchdb-rebar,massemanet,masse@cronqvi.st
couchdb-rebar,olgeni,olgeni@olgeni.com
couchdb-rebar,smithwinston,None
couchdb-rebar,lukyanov,None
couchdb-rebar,stwind,stwindfy@gmail.com
couchdb-rebar,syl20bnr,sylvain.benner@gmail.com
couchdb-rebar,terrencehan,isterrence@gmail.com
couchdb-rebar,yannayl,None
couchdb-rebar,seriyps,None
