couchdb-couch,fdmanana,fdmanana@kernel.org
couchdb-couch,rnewson,rnewson@apache.org
couchdb-couch,kocolosk,adam@kocolosk.net
couchdb-couch,davisp,paul.joseph.davis@gmail.com
couchdb-couch,jchris,jchris@gmail.com
couchdb-couch,janl,jan@apache.org
couchdb-couch,iilyak,None
couchdb-couch,kxepal,None
couchdb-couch,tilgovi,randall@bleeds.info
couchdb-couch,chewbranca,None
couchdb-couch,cmlenz,cmlenz@gmail.com
couchdb-couch,sagelywizard,benjamin.bastian@gmail.com
couchdb-couch,nslater,nslater@apache.org
couchdb-couch,nickva,None
couchdb-couch,jasondavies,None
couchdb-couch,robertkowalski,rok@kowalski.gd
couchdb-couch,eiri,eiri@eiri.ca
couchdb-couch,jaydoane,github.com@jay.m82.com
couchdb-couch,KlausTrainer,klaus_trainer@apache.org
couchdb-couch,benoitc,bchesneau@gmail.com
couchdb-couch,dch,dch@skunkwerks.at
couchdb-couch,mikewallace1979,mikewallace@apache.org
couchdb-couch,gdamjan,None
couchdb-couch,NorthNick,None
couchdb-couch,samueltardieu,sam@rfc1149.net
couchdb-couch,wohali,wohali@atypical.net
couchdb-couch,banjiewen,b@banjiewen.net
couchdb-couch,bjnortier,bjnortier@gmail.com
couchdb-couch,jhs,jason.h.smith@gmail.com
couchdb-couch,arturmazurek,None
couchdb-couch,lemenkov,lemenkov@gmail.com
couchdb-couch,RonnyPfannschmidt,opensource@ronnypfannschmidt.de
couchdb-couch,ryanramage,None
couchdb-couch,daleharvey,dale@arandomurl.com
couchdb-couch,queezey,None
couchdb-couch,etrepum,bob@redivi.com
couchdb-couch,djc,None
couchdb-couch,garrensmith,garren.smith@gmail.com
couchdb-couch,joelwreed,None
couchdb-couch,tsutsu,levi@leviaul.com
couchdb-couch,mikerhodes,None
couchdb-couch,MikeFair,None
couchdb-couch,terinjokes,terin@terinstock.com
couchdb-couch,vmx,volker.mische@gmail.com
couchdb-couch,ermouth,ermouth@gmail.com
