couchdb-nano,dscape,nunojobpinto@gmail.com
couchdb-nano,jo,jo@die-tf.de
couchdb-nano,perezd,None
couchdb-nano,mmalecki,me@mmalecki.com
couchdb-nano,thiagoarrais,thiago.arrais@gmail.com
couchdb-nano,jhs,jason.h.smith@gmail.com
couchdb-nano,streunerlein,dominique.sandoz@gmail.com
couchdb-nano,svnlto,me@svenlito.com
couchdb-nano,jlank,john.k.lancaster@gmail.com
couchdb-nano,tarantoga,tarantoga@me.com
couchdb-nano,JayBeavers,jay@hikinghomeschoolers.org
couchdb-nano,pgte,i@pgte.me
couchdb-nano,glynnbird,None
couchdb-nano,klaemo,None
couchdb-nano,suprememoocow,andrew@gitter.im
couchdb-nano,alesch,alex@schenkman.info
couchdb-nano,twilson63,tom@jackhq.com
couchdb-nano,fracek,francesco@ceccon.me
couchdb-nano,ameensol,ameensol@gmail.com
couchdb-nano,cliffano,None
couchdb-nano,gr2m,None
couchdb-nano,jandrieu,joe@andrieu.net
couchdb-nano,chesles,None
couchdb-nano,userIsNaN,None
couchdb-nano,mark-hahn,None
couchdb-nano,oleics,None
couchdb-nano,alappe,None
couchdb-nano,aramk,None
couchdb-nano,bjnortier,bjnortier@gmail.com
couchdb-nano,daleharvey,dale@arandomurl.com
couchdb-nano,DamonOehlman,damon.oehlman@gmail.com
couchdb-nano,bahamas10,dave@daveeddy.com
couchdb-nano,shurane,e.chowder@outlook.com
couchdb-nano,ierceg,ivan@softwaremarbles.com
couchdb-nano,jagoda,jeffrey.jagoda@gmail.com
couchdb-nano,joshperry,None
couchdb-nano,divingboy,juehuizh@gmail.com
couchdb-nano,Mithgol,None
couchdb-nano,efolio,None
couchdb-nano,pcolazurdo,None
couchdb-nano,panuhorsmalahti,panu.horsmalahti@iki.fi
couchdb-nano,boxxxie,somethingitalian@gmail.com
couchdb-nano,pdehaan,None
couchdb-nano,robertkowalski,rok@kowalski.gd
couchdb-nano,millette,robin@millette.info
couchdb-nano,runetvilum,rune@addin.dk
couchdb-nano,marinintim,marinintim@gmail.com
couchdb-nano,tobie,tobie@codespeaks.com
couchdb-nano,jkrems,None
couchdb-nano,mscherer,None
couchdb-nano,exclsr,github@exclsr.com
