couchdb-fauxton,robertkowalski,rok@kowalski.gd
couchdb-fauxton,garrensmith,garren.smith@gmail.com
couchdb-fauxton,benkeen,ben.keen@gmail.com
couchdb-fauxton,deathbearbrown,deathbear@apache.org
couchdb-fauxton,chewbranca,None
couchdb-fauxton,drsm79,None
couchdb-fauxton,michellephung,michellep@apache.org
couchdb-fauxton,BigBlueHat,byoung@bigbluehat.com
couchdb-fauxton,sebastianrothbucher,sebastianrothbucher@googlemail.com
couchdb-fauxton,seanbarclay,sbarclay@us.ibm.com
couchdb-fauxton,ocelotpotpie,None
couchdb-fauxton,kxepal,None
couchdb-fauxton,janl,jan@apache.org
couchdb-fauxton,mikewallace1979,mikewallace@apache.org
couchdb-fauxton,luisgerhorst,privat@luisgerhorst.de
couchdb-fauxton,ryanramage,None
couchdb-fauxton,willholley,willholley@gmail.com
couchdb-fauxton,targos,targos@protonmail.com
couchdb-fauxton,thriqon,None
couchdb-fauxton,Poltergeist,philipph@mesosphere.io
couchdb-fauxton,rnewson,rnewson@apache.org
couchdb-fauxton,tbranyen,tim@tabdeveloper.com
couchdb-fauxton,nickcolley,nickcolley7@gmail.com
couchdb-fauxton,froissant,None
couchdb-fauxton,dch,dch@skunkwerks.at
couchdb-fauxton,candeira,javier@candeira.com
couchdb-fauxton,jennschiffer,jenn@dotbiz.info
couchdb-fauxton,wohali,wohali@atypical.net
couchdb-fauxton,ksnavely,None
couchdb-fauxton,mikerhodes,None
couchdb-fauxton,nolanlawson,nolan@nolanlawson.com
couchdb-fauxton,PeterDaveHello,None
couchdb-fauxton,robin-drexler,None
couchdb-fauxton,samhiatt,samhiatt@gmail.com
couchdb-fauxton,matrixise,stephane@wirtel.be
couchdb-fauxton,vmx,volker.mische@gmail.com
