groovy,paulk-asert,None
groovy,melix,None
groovy,blackdrag,blackdrag@gmx.org
groovy,jstrachan,james.strachan@gmail.com
groovy,glaforge,glaforge@gmail.com
groovy,PascalSchumacher,None
groovy,roshandawrani,None
groovy,shemnon,danno.ferrin@gmail.com
groovy,alextkachman,alex.tkachman@gmail.com
groovy,tkruse,None
groovy,jeremyrayner,None
groovy,HamletDRC,None
groovy,Dierk,None
groovy,spullara,sam@sampullara.com
groovy,aalmiray,None
groovy,jimwhite,james.paul.white@gmail.com
groovy,andresteingress,me@andresteingress.com
groovy,jwagenleitner,None
groovy,pniederw,peter@pniederw.com
groovy,bura,None
groovy,mguillem,None
groovy,shils,None
groovy,timyates,None
groovy,darxriggs,rene.scheibe@gmail.com
groovy,jbaumann,None
groovy,oreissig,None
groovy,yukoba,yukoba@gmail.com
groovy,keeganwitt,None
groovy,bsideup,bsideup@gmail.com
groovy,thom-nic,None
groovy,jeffbrown,jeff@jeffandbetsy.net
groovy,fpavageau,None
groovy,galleon,None
groovy,coztoolkit,None
groovy,jnorthr,james.b.northrop@googlemail.com
groovy,MammatusPlatypus,None
groovy,anshbansal,None
groovy,pledbrook,p.ledbrook@cacoethes.co.uk
groovy,pditommaso,paolo.ditommaso@gmail.com
groovy,michaelss,None
groovy,kaendfinger,k.endfinger@dglogik.com
groovy,christoph-frick,None
groovy,bdelacretaz,bdelacretaz@apache.org
groovy,tobia,tobia.conforto@gruppo4.it
groovy,janisz,None
groovy,mbjarland,mbjarland@gmail.com
groovy,jacopoc,jacopo.cappellato@gmail.com
groovy,kentis,None
groovy,hauner,None
groovy,Zorkin,None
groovy,graemerocher,None
groovy,aeisenberg,andrew.eisenberg@gmail.com
groovy,candrews,candrews@integralblue.com
groovy,ml10,None
groovy,meling,None
groovy,JBrownVisualSpection,None
groovy,jbaruch,jbaruch@jfrog.com
groovy,nobeans,None
groovy,EPadronU,edinson.padron.urdaneta@gmail.com
groovy,ataylor284,ataylor@redtoad.ca
groovy,Dispader,None
groovy,kirill-vlasov,mail@kvlasov.ru
groovy,marcpa00,None
groovy,masatonagai,me@masatonagai.com
groovy,franckrasolo,None
groovy,lhotari,None
groovy,eginez,eginez@gmail.com
groovy,adriannistor,None
groovy,mrhaki,None
groovy,codehaus-support,support@codehaus.org
groovy,stavytskyi,None
groovy,erdi,None
groovy,mkordas,kontakt@michalkordas.com
groovy,vladimirvivien,None
groovy,hbaykuslar,None
groovy,gillius,None
groovy,musketyr,None
groovy,jlink,business@johanneslink.net
groovy,alkemist,ld@ldaley.com
groovy,rfreedman,richfreedman@gmail.com
groovy,RichardHightower,None
groovy,msgilligan,None
groovy,smaldini,None
groovy,uehaj,uehaj@jggug.org
groovy,christiaantk,None
groovy,pickypg,None
groovy,shalecraig,__my_username__@g - mail
groovy,antoaravinth,None
groovy,eddelplus,cornercouch@eddelbuettel.net
groovy,mojavelinux,None
groovy,alien11689,alien11689@gmail.com
groovy,gvaneyck,None
groovy,bobbywarner,bobbywarner@gmail.com
groovy,johnbhurst,john.b.hurst@gmail.com
groovy,pieces029,None
groovy,LarryBattle,larry.battle.tech@gmail.com
groovy,effrafax,None
groovy,nickgrealy,nickgrealy@gmail.com
groovy,poiati,paulogpoiati@gmail.com
groovy,armsargis,armsargis@gmail.com
groovy,tiagofernandez,None
groovy,VasylTretiakov,None
groovy,qxo,qxodream@gmail.com
groovy,karfunkel,info@aklein.org
groovy,seanjreilly,None
groovy,vihangd,vihangd@users.noreply.github.com
groovy,fmamud,None
groovy,DarthPumpkin,None
groovy,kamilszymanski,None
groovy,adjohnson916,None
groovy,wilkinsona,None
groovy,aslakhellesoy,aslak.hellesoy@gmail.com
groovy,brunoocasali,brunoocasali@gmail.com
groovy,ColinHarrington,colin.harrington@gmail.com
groovy,DJBen,lsh32768@gmail.com
groovy,danhyun,dan@hyunlabs.com
groovy,altus34,d.avenante@gmail.com
groovy,dnahodil,None
groovy,dpursehouse,None
groovy,traneHead,None
groovy,ddimtirov,None
groovy,dirkw,None
groovy,and-dmitry,None
groovy,alexspurling,alexspurling@gmail.com
groovy,ebourg,ebourg@apache.org
groovy,ericdahl,None
groovy,fmatosqg,None
groovy,alessiostalla,None
groovy,grantmcconnaughey,grantmcconnaughey@gmail.com
groovy,lasombra,ingo@hoffmann.cx
groovy,jwilk,jwilk@jwilk.net
groovy,jwill,None
groovy,pluradj,None
groovy,jeffsheets,None
groovy,jsight,jesse.sightler@gmail.com
groovy,johnrengelman,None
groovy,johnnywey,johnnywey@gmail.com
groovy,jkschneider,None
groovy,jonatasemidio,jonatasemidio@gmail.com
groovy,kpiwko,karel.piwko@gmail.com
groovy,ksuderman,None
groovy,kousen,ken.kousen@kousenit.com
groovy,kohsuke,kk@kohsuke.org
groovy,kmarwood,None
groovy,leoxy520,None
groovy,logangorence,loganjohngorence@gmail.com
groovy,pinguinkiste,None
groovy,marcingrzejszczak,marcin@grzejszczak.pl
groovy,szpak,mszpak@wp.pl
groovy,mariogarcia,None
groovy,mwhipple,matt@mattwhipple.com
groovy,michal-mally,None
groovy,mbezjak,None
groovy,nmische,None
groovy,olivergondza,None
groovy,ocroquette,ocroquette@free.fr
groovy,paplorinc,None
groovy,monsieurp,None
groovy,paulbakker,paul.bakker.nl@gmail.com
groovy,swirepe,swirepe@gmail.com
groovy,rsynek,None
groovy,rahulsom,None
groovy,rsbecker,None
groovy,upcrob,None
groovy,roranade,None
groovy,rvs,roman@shaposhnik.org
groovy,sagarsane,sagar2217@gmail.com
groovy,seanf,sflaniga@redhat.com
groovy,sarmbruster,stefan@armbruster-it.de
groovy,spmallette,None
groovy,choey,choey2k5@gmail.com
groovy,sbglasius,soeren@glasius.dk
groovy,tschulte,None
groovy,catalan42,thompson2526@gmail.com
groovy,wselwood,None
groovy,FaustXVI,None
groovy,ywelsch,yannick@welsch.lu
groovy,myexpr,araman@gmail.com
groovy,belkaram,None
groovy,davidmichaelkarr,None
groovy,fintelia,None
groovy,chiquitinxx,jorge.franco.leza@gmail.com
groovy,kapoormanish,manishkapoor1989@gmail.com
groovy,kotomoto,None
groovy,maciekwiso,None
groovy,paul-bjorkstrand,None
groovy,rohitbishnoi,rbdharnia@gmail.com
groovy,tomasbartalos,None
