incubator-tinkerpop,spmallette,None
incubator-tinkerpop,okram,marko@markorodriguez.com
incubator-tinkerpop,dkuppitz,None
incubator-tinkerpop,joshsh,josh@fortytwo.net
incubator-tinkerpop,mhfrantz,None
incubator-tinkerpop,rjbriody,None
incubator-tinkerpop,PommeVerte,None
incubator-tinkerpop,dalaro,dalaro@hopcount.org
incubator-tinkerpop,pluradj,None
incubator-tinkerpop,pietermartin,pieter.martin@gmail.com
incubator-tinkerpop,mbroecheler,None
incubator-tinkerpop,velo,velo.br@gmail.com
incubator-tinkerpop,laxatives,None
incubator-tinkerpop,twilmes,None
incubator-tinkerpop,n-tran,nghia.tran.83@gmail.com
incubator-tinkerpop,BrynCooke,None
incubator-tinkerpop,kieransherlock,kieran@identitymind.com
incubator-tinkerpop,ceefour,hendy@hendyirawan.com
incubator-tinkerpop,RussellSpitzer,russell.spitzer@gmail.com
incubator-tinkerpop,mpollmeier,None
incubator-tinkerpop,christianbellinaef,None
incubator-tinkerpop,graben1437,None
incubator-tinkerpop,mike-tr-adamson,madamson@datastax.com
incubator-tinkerpop,MMcM,None
incubator-tinkerpop,jkschneider,None
incubator-tinkerpop,randallbarnhart,None
incubator-tinkerpop,baerrach,None
incubator-tinkerpop,ellitron,jde@cs.stanford.edu
incubator-tinkerpop,jbmusso,jbmusso+github@gmail.com
incubator-tinkerpop,leemit,None
incubator-tinkerpop,anagav,None
incubator-tinkerpop,greedy,geoff@programmer-monk.net
incubator-tinkerpop,jasobrown,None
incubator-tinkerpop,jimlloyd,None
incubator-tinkerpop,banjiewen,b@banjiewen.net
incubator-tinkerpop,MarkHoekstra,None
incubator-tinkerpop,pingtimeout,pierre@pingtimeout.fr
incubator-tinkerpop,jasonnn,None
incubator-tinkerpop,paliwalashish,apaliwal@apache.org
incubator-tinkerpop,rvesse,None
