karaf,jbonofre,jbonofre@apache.org
karaf,gnodet,None
karaf,cschneider,None
karaf,ffang,None
karaf,anpieber,anpieber@gmail.com
karaf,ccustine,chris.custine@gmail.com
karaf,iocanel,iocanel@gmail.com
karaf,jgoodyear,None
karaf,gertv,gert.vanthienen@gmail.com
karaf,janstey,None
karaf,oscerd,ancosen dot gmail dot com
karaf,chirino,hiram@hiramchirino.com
karaf,bosschaert,None
karaf,splatch,None
karaf,cmoulliard,ch007m@gmail.com
karaf,ANierbeck,None
karaf,jstrachan,james.strachan@gmail.com
karaf,benson-basis,benson@basistech.com
karaf,lburgazzoli,None
karaf,mhautman,morgan.hautman@gmail.com
karaf,grgrzybek,gr.grzybek@gmail.com
karaf,bimargulies,None
karaf,lhein,None
karaf,maggu2810,maggu2810@gmail.com
karaf,CodingFabian,None
karaf,davidmichaelkarr,None
karaf,briantopping,None
karaf,lkiesow,None
karaf,ChristophGr,profalbert [at] gmail.com
karaf,dhirajsb,dhirajsb@gmail.com
karaf,jaysensharma,None
karaf,akuhtz,None
karaf,ahgittin,alex.heneveld@cloudsoftcorp.com
karaf,akarasulu,akarasulu@apache.org
karaf,bdgould,bdgould@smcm.edu
karaf,Brimstedt,None
karaf,cziegeler,None
karaf,dleangen,None
karaf,dvanherbergen,None
karaf,jutzig,jutzig.dev@googlemail.com
karaf,roedll,None
karaf,yodamad,None
karaf,oliverlietz,None
karaf,paulsp,None
karaf,rocketraman,rocketraman@gmail.com
karaf,slawekjaranowski,None
karaf,mcculls,None
karaf,vladimirfx,None
karaf,cristcost,None
karaf,ggerla,None
karaf,jonathanbyrne,None
karaf,metatechbe,None
