nifi,markap14,None
nifi,mcgilman,matt.c.gilman@gmail.com
nifi,joewitt,joewitt@apache.org
nifi,apiri,None
nifi,danbress,None
nifi,bbende,None
nifi,olegz,None
nifi,JPercivall,joepercivall@yahoo.com
nifi,trkurc,None
nifi,jbarnabee,None
nifi,alopresto,alopresto@apache.org
nifi,jdye64,jdye64@gmail.com
nifi,mattyb149,mattyb149@gmail.com
nifi,brianghig,brianghig@gmail.com
nifi,ToivoAdams,None
nifi,jskora,None
nifi,mans2singh,None
nifi,pvillard31,None
nifi,mosermw,None
nifi,joey,joey@rocana.com
nifi,bimargulies,None
nifi,rpmiskin,None
nifi,yu-iskw,None
nifi,devriesb,brandon.devries@gmail.com
nifi,joemeszaros,None
nifi,adamonduty,None
nifi,khmarbaise,github@soebes.com
nifi,rdblue,None
nifi,busbey,None
nifi,gresockj,jgresock@gmail.com
nifi,benson-basis,benson@basistech.com
nifi,ijokarumawak,None
nifi,rowolabi,None
nifi,randerzander,None
nifi,jahhulbert-ccri,None
nifi,PuspenduBanerjee,Puspendu.Banerjee@gmail.com
nifi,technmsg,None
nifi,michalklempa,None
nifi,dcave74,None
nifi,medined,david.medinets@gmail.com
nifi,jvwing,None
nifi,jbonofre,jbonofre@apache.org
nifi,lfrancke,mail@lars-francke.de
nifi,naveenmadhire,vmadhire@indiana.edu
nifi,scottyaslan,None
nifi,steveyh25,None
nifi,tequalsme,None
nifi,smarthi,smarthi@apache.org
nifi,vs186031,None
nifi,andrewmlim,None
nifi,jh5992398,None
nifi,BELUGABEHR,None
nifi,pukkaone,None
nifi,owcm,None
nifi,davidmoravek,david.moravek@gmail.com
nifi,Hejki,None
nifi,aperepel,aperepel@gmail.com
nifi,jamespowenjr,jamespowenjr@gmail.com
nifi,jfrazee,None
nifi,gilday,me@johnathangilday.com
nifi,K0zka,None
nifi,leelaim1,None
nifi,luke3145,None
nifi,aviewfromspace1,None
nifi,owieboy,oscar.delapenajr@gmail.com
nifi,linoferrentino,None
nifi,Henac,pt.frost@gmail.com
nifi,thadguidry,thadguidry@gmail.com
nifi,musically-ut,musically.ut@gmail.com
nifi,asotona,None
nifi,wouterdebie,github@evenflow.nl
nifi,ZJaffee,zjaffee@apache.org
nifi,Ianwww,None
nifi,ledor473,None
