phoenix,jtaylor-sfdc,jtaylor@salesforce.com
phoenix,JamesRTaylor,jamestaylor@apache.org
phoenix,maryannxue,None
phoenix,twdsilva,None
phoenix,gabrielreid,None
phoenix,ndimiduk,ndimiduk@gmail.com
phoenix,anoopsjohn,anoopsamjohn@gmail.com
phoenix,ramkrish86,None
phoenix,elilevine,None
phoenix,jmahonin,jmahonin@gmail.com
phoenix,lhofhansl,lhofhansl@yahoo.com
phoenix,apurtell,apurtell@apache.org
phoenix,enis,enis[at]apache.org
phoenix,samarthjain,samarth@apache.org
phoenix,ankitsinghal,None
phoenix,ravimagham,None
phoenix,chrajeshbabu,None
phoenix,cmarcel,None
phoenix,codymarcel,None
phoenix,joshelser,josh.elser@gmail.com
phoenix,simontoens,simontoens@gmail.com
phoenix,jfernandosf,None
phoenix,dumindux,duminduk@apache.org
phoenix,naveenmadhire,vmadhire@indiana.edu
phoenix,KaranSinghal,None
phoenix,AyolaJayamaha,None
phoenix,mravi,None
phoenix,mujtabachohan,None
phoenix,bdumon,bruno@ngdata.com
phoenix,bridiver,None
phoenix,abisek,None
phoenix,JeffreyLyonsD2L,None
phoenix,karel1980,karel@vervaeke.info
phoenix,radumarias,None
phoenix,SergeySoldatov,None
phoenix,soumen28,None
phoenix,biyuhao,byh0831@gmail.com
phoenix,gjacoby126,None
phoenix,SeonghwanMoon,sofangel@naver.com
phoenix,tzolkincz,None
