qpid-proton,astitcher,None
qpid-proton,kgiusti,kgiusti@gmail.com
qpid-proton,alanconway,None
qpid-proton,rhs,rhs@alum.mit.edu
qpid-proton,gemmellr,None
qpid-proton,rgodfrey,rob.j.godfrey@gmail.com
qpid-proton,mcpierce,mcpierce@gmail.com
qpid-proton,k-wall,None
qpid-proton,dnwe,None
qpid-proton,bozzzzo,None
qpid-proton,ted-ross,None
qpid-proton,prestona,None
qpid-proton,FlaPer87,flaper87@flaper87.org
qpid-proton,ChugR,None
qpid-proton,ssorj,None
qpid-proton,fadams,None
qpid-proton,tabish121,tabish121@gmail.com
qpid-proton,ganeshmurthy,None
qpid-proton,dcristoloveanu,dcristo@microsoft.com
qpid-proton,shuston,shuston@riverace.com
qpid-proton,lucaceresoli,None
qpid-proton,scholzj,None
qpid-proton,rkuska,rkuska@gmail.com
