storm,nathanmarz,nathan@nathanmarz.com
storm,revans2,None
storm,ptgoetz,ptgoetz@gmail.com
storm,HeartSaVioR,kabhwan@gmail.com
storm,harshach,None
storm,d2r,None
storm,Parth-Brahmbhatt,None
storm,knusbaum,KyleJNusbaum@gmail.com
storm,kishorvpatil,patik523@yahoo.com
storm,zhuoliu,None
storm,arunmahadevan,None
storm,jerrypeng,None
storm,caofangkun,caofangkun@gmail.com
storm,vesense,data.xinwang@gmail.com
storm,xumingming,xumingming64398966@gmail.com
storm,wurstmeister,None
storm,anfeng,None
storm,clockfly,xiang.zhong@intel.com
storm,rick-kilgore,rick.kilgore@gmail.com
storm,satishd,None
storm,dossett,dossett@gmail.com
storm,xiaokang,kxiao.tiger@gmail.com
storm,miguno,None
storm,bastiliu,basti.lj@alibaba-inc.com
storm,roshannaik,None
storm,sumitchawla,None
storm,Lewuathe,lewuathe@me.com
storm,strongh,homer.strong@gmail.com
storm,schleyfox,ben@pixelmachine.org
storm,ankitoshniwal,None
storm,schonfeld,michael@schonfeld.org
storm,nielsbasjes,None
storm,hmcl,None
storm,Frostman,me@slukjanov.name
storm,YvonneIronberg,None
storm,mnogu,None
storm,abellina,None
storm,anyatch,None
storm,rohanag12,None
storm,tomjack,None
storm,sweetest,sweetest_sj@naver.com
storm,RaghavendraNandagopal,speaktoraghav@gmail.com
storm,darthbear,francois.dangngoc@gmail.com
storm,Gvain,jh.li.em@gmail.com
storm,ept,None
storm,bourneagain,rshyam.psg@gmail.com
storm,azymnis,None
storm,dan-blanchard,dan.blanchard@gmail.com
storm,EdisonXu,edisonxu@outlook.com
storm,miofthena,None
storm,fmazoyer,None
storm,haitaoyao,yao.erix@gmail.com
storm,sjoerdmulder,None
storm,wangli1426,wangli1426@gmail.com
storm,errordaiwa,None
storm,rmkellogg,rick.kellogg.jr@gmail.com
storm,taojoe,None
storm,Renkai,gaelookair@gmail.com
storm,prabeesh,None
storm,jangie,None
storm,fhussonnois,florian.hussonnois@gmail.com
storm,srdo,None
storm,ChitturiPadma,None
storm,wuchong,imjark@gmail.com
storm,atdixon,None
storm,priyank5485,pshah@hortonworks.com
storm,mjsax,mjsax@apache.org
storm,supercargo,None
storm,davidlao,None
storm,jnioche,julien@digitalpebble.com
storm,randerzander,None
storm,shanyu,None
storm,victor-wong,wangjiasheng@xiaomi.com
storm,xpe,None
storm,dashengju,dashengju@gmail.com
storm,git2samus,mail2samus@gmail.com
storm,Sergeant007,None
storm,brymaven,brymaven@gmail.com
storm,viktortnk,viktortnk@gmail.com
storm,ddebree,None
storm,rickkilgore,None
storm,shell0dh,ryan66141@gmail.com
storm,jaked,jake@donham.org
storm,lyonbrw,None
storm,apetresc,apetresc@gmail.com
storm,itaifrenkel,None
storm,Zhiqiang-He,absolute005@qq.com
storm,erikdw,None
storm,gsilk,None
storm,eshioji,None
storm,brndnmtthws,brenden@diddyinc.com
storm,mproch,None
storm,SeanTAllen,sean@monkeysnatchbanana.com
storm,sorenmacbeth,None
storm,killme2008,killme2008@gmail.com
storm,troyding,dingsword@gmail.com
storm,charleswhchan,None
storm,rnfein,None
storm,drazzib,drazzib@drazzib.com
storm,danharvey,None
storm,gdfm,None
storm,hustfxj,hustfxj@gmail.com
storm,krichter722,None
storm,Lazyshot,Lazyshot@gmail.com
storm,lazyval,None
storm,lorcan,None
storm,lightyang,None
storm,pershyn,None
storm,mikert,None
storm,icksa,None
storm,msdotnetclr,None
storm,jetan9,jetan9@126.com
storm,ppoulosk,None
storm,chrisz,None
storm,sritchie,sritchie09@gmail.com
storm,spelliott,None
storm,thilinarmtb,thilinarmtb@gmail.com
storm,vinodc,vinod.chandru@gmail.com
storm,onlychoice,zhihui.jiao@gmail.com
storm,bbaugher,None
storm,danehammer,None
storm,darionyaphet,darion.yaphet@gmail.com
storm,fxjwind,fxjwind@hotmail.com
storm,lujinhong,lujinhong2@gmail.com
storm,smelody,None
storm,thinker0,thinker0@gmail.com
storm,tombrown52,None
storm,yerenkow,None
storm,BuDongDong,zhangjinlong0604@126.com
storm,3Dragan,None
storm,KasperMadsen,kaspergsm@gmail.com
storm,chu11,None
storm,alexshadow007,alexshadow007@gmail.com
storm,kachayev,kachayev@gmail.com
storm,amontalenti,None
storm,ottomata,acotto@gmail.com
storm,bartolsthoorn,bartolsthoorn@gmail.com
storm,BertrandDechoux,None
storm,boneill42,boneill@monetate.com
storm,javrasya,ceahmetdal@gmail.com
storm,shellbj,bshell@expedia.com
storm,chawco,craig.hawco@gmail.com
storm,dsimmons,None
storm,danielschonfeld,daniel@schonfeld.org
storm,dschiavu,danijel@schiavuzzi.com
storm,metadave,diparfitt@gmail.com
storm,tuxpiper,None
storm,ddutta,None
storm,drewrobb,None
storm,drorweiss,None
storm,esamson,None
storm,hellp,None
storm,devsprint,gciuloaica@gmail.com
storm,gabrielgrant,None
storm,gliptak,None
storm,HariSekhon,None
storm,iostat,None
storm,jasonjckn,None
storm,jayapriya90,suren009@umn.edu
storm,jeroenvandijk,None
storm,joliss,joliss42@gmail.com
storm,tjun,t.junichiro@gmail.com
storm,kb,kyle.bolton@gmail.com
storm,lukedemi,lddemi@gmail.com
storm,markdav,None
storm,msiegel07,None
storm,makearl,None
storm,mulloymorrow,mulloymorrow@gmail.com
storm,NareshKosgi,None
storm,snikhil5,None
storm,norbertpotocki,norbert.potocki@gmail.com
storm,patricklucas,None
storm,pdelre,None
storm,pofallon,paul@ofallonfamily.com
storm,lethalbrains,None
storm,rduplain,ron.duplain@gmail.com
storm,samstokes,me@samstokes.co.uk
storm,sethgrid,seth.ammons@sendgrid.com
storm,srinivasgumdelli,srinivasgumdelli@gmail.com
storm,stphung,None
storm,sureshms,suresh@hortonworks.com
storm,twpayne,twpayne@gmail.com
storm,trevorsummerssmith,trevorsummerssmith@gmail.com
storm,trevor,twennblom@acm.org
storm,XinzeChi,xmdxcxz@gmail.com
storm,yegortokmakov,None
storm,abhishekagarwal87,None
storm,aprooks,None
storm,ashleywbrown,ashley@ashleybrown.co.uk
storm,ashtonwebster,None
storm,averykhoo,None
storm,davidlgr,davidlgr@163.com
storm,acoburn,None
storm,dmmata,None
storm,engineerdev,None
storm,iBuddha,peoplebike@gmail.com
storm,imadityab,imadityab@gmail.com
storm,jayunit100,jay@apache.org
storm,jmartell7,None
storm,johanwitters,None
storm,lispking,None
storm,longdafeng,hustjackie@gmail.com
storm,millerjam,None
storm,minghan,None
storm,nothinking,pasioner@daum.net
storm,okapies,None
storm,Hailei,zhh5919@163.com
